exerciseName,exerciseType,rep,holdTime,set,targetArea,difficulty,equipmentNeeded,aiTrackingEnabled,description,demoVideo,image
Neck Flexion (Isometric),repetition,20,,3,Neck,hard,None,TRUE,Neck Flexion (Isometric): Perform as instructed to mobilize/strengthen the neck region. Controlled movement and breathing.,https://example.com/video/1.mp4,https://example.com/image/1.jpg
External Rotation (Standing),repetition,8,,3,Shoulder,medium,Resistance Band,TRUE,External Rotation (Standing): Perform as instructed to mobilize/strengthen the shoulder region. Controlled movement and breathing.,https://example.com/video/2.mp4,https://example.com/image/2.jpg
Forearm Pronation (Isometric) - Right,hold,,60,3,Elbow,easy,None,TRUE,Forearm Pronation (Isometric) - Right: Perform as instructed to mobilize/strengthen the elbow region. Controlled movement and breathing.,https://example.com/video/3.mp4,https://example.com/image/3.jpg
Wrist Extension Stretch - Right,repetition,10,,3,Wrist/Hand,medium,Dumbbell,TRUE,Wrist Extension Stretch - Right: Perform as instructed to mobilize/strengthen the wrist/hand region. Controlled movement and breathing.,https://example.com/video/4.mp4,https://example.com/image/4.jpg
Pelvic Tilt,repetition,20,,3,Spine/Core,medium,Foam Roller,TRUE,Pelvic Tilt: Perform as instructed to mobilize/strengthen the spine/core region. Controlled movement and breathing.,https://example.com/video/5.mp4,https://example.com/image/5.jpg
Standing Hip Extension (Standing) - Left,repetition,6,,3,Hip,hard,Foam Roller,TRUE,Standing Hip Extension (Standing) - Left: Perform as instructed to mobilize/strengthen the hip region. Controlled movement and breathing.,https://example.com/video/6.mp4,https://example.com/image/6.jpg
Heel Slides (Slow),repetition,20,,3,Knee,hard,Resistance Band,TRUE,Heel Slides (Slow): Perform as instructed to mobilize/strengthen the knee region. Controlled movement and breathing.,https://example.com/video/7.mp4,https://example.com/image/7.jpg
Balance on Single Leg,repetition,10,,3,Ankle/Foot,hard,Resistance Band,TRUE,Balance on Single Leg: Perform as instructed to mobilize/strengthen the ankle/foot region. Controlled movement and breathing.,https://example.com/video/8.mp4,https://example.com/image/8.jpg
Thoracic Extension on Foam Roller (Slow),repetition,6,,3,Chest,medium,None,TRUE,Thoracic Extension on Foam Roller (Slow): Perform as instructed to mobilize/strengthen the chest region. Controlled movement and breathing.,https://example.com/video/9.mp4,https://example.com/image/9.jpg
Pelvic Clock (Slow),hold,,60,3,Pelvis,easy,None,TRUE,Pelvic Clock (Slow): Perform as instructed to mobilize/strengthen the pelvis region. Controlled movement and breathing.,https://example.com/video/10.mp4,https://example.com/image/10.jpg
Neck Extension,repetition,15,,3,Neck,easy,None,TRUE,Neck Extension: Perform as instructed to mobilize/strengthen the neck region. Controlled movement and breathing.,https://example.com/video/11.mp4,https://example.com/image/11.jpg
Shoulder Flexion with Band - Left - Right,repetition,20,,3,Shoulder,easy,Resistance Band,TRUE,Shoulder Flexion with Band - Left - Right: Perform as instructed to mobilize/strengthen the shoulder region. Controlled movement and breathing.,https://example.com/video/12.mp4,https://example.com/image/12.jpg
Wrist Flexor Stretch (Assisted),repetition,15,,3,Elbow,hard,None,TRUE,Wrist Flexor Stretch (Assisted): Perform as instructed to mobilize/strengthen the elbow region. Controlled movement and breathing.,https://example.com/video/13.mp4,https://example.com/image/13.jpg
Wrist Flexion Stretch,repetition,6,,3,Wrist/Hand,easy,None,TRUE,Wrist Flexion Stretch: Perform as instructed to mobilize/strengthen the wrist/hand region. Controlled movement and breathing.,https://example.com/video/14.mp4,https://example.com/image/14.jpg
Bridge,repetition,8,,3,Spine/Core,medium,None,TRUE,Bridge: Perform as instructed to mobilize/strengthen the spine/core region. Controlled movement and breathing.,https://example.com/video/15.mp4,https://example.com/image/15.jpg
Hip Abduction,repetition,8,,3,Hip,medium,Dumbbell,TRUE,Hip Abduction: Perform as instructed to mobilize/strengthen the hip region. Controlled movement and breathing.,https://example.com/video/16.mp4,https://example.com/image/16.jpg
Mini Squat,repetition,10,,3,Knee,hard,Foam Roller,TRUE,Mini Squat: Perform as instructed to mobilize/strengthen the knee region. Controlled movement and breathing.,https://example.com/video/17.mp4,https://example.com/image/17.jpg
Toe Raises (With Band),repetition,12,,3,Ankle/Foot,medium,Wall,TRUE,Toe Raises (With Band): Perform as instructed to mobilize/strengthen the ankle/foot region. Controlled movement and breathing.,https://example.com/video/18.mp4,https://example.com/image/18.jpg
Thoracic Extension on Foam Roller,repetition,10,,3,Chest,medium,Resistance Band,TRUE,Thoracic Extension on Foam Roller: Perform as instructed to mobilize/strengthen the chest region. Controlled movement and breathing.,https://example.com/video/19.mp4,https://example.com/image/19.jpg
Kegels,hold,,30,3,Pelvis,hard,Resistance Band,TRUE,Kegels: Perform as instructed to mobilize/strengthen the pelvis region. Controlled movement and breathing.,https://example.com/video/20.mp4,https://example.com/image/20.jpg
Neck Rotation,repetition,6,,3,Neck,medium,None,TRUE,Neck Rotation: Perform as instructed to mobilize/strengthen the neck region. Controlled movement and breathing.,https://example.com/video/21.mp4,https://example.com/image/21.jpg
Shoulder Flexion with Band (Seated),hold,,10,3,Shoulder,medium,None,TRUE,Shoulder Flexion with Band (Seated): Perform as instructed to mobilize/strengthen the shoulder region. Controlled movement and breathing.,https://example.com/video/22.mp4,https://example.com/image/22.jpg
Forearm Pronation (Lying),repetition,8,,3,Elbow,medium,Dumbbell,TRUE,Forearm Pronation (Lying): Perform as instructed to mobilize/strengthen the elbow region. Controlled movement and breathing.,https://example.com/video/23.mp4,https://example.com/image/23.jpg
Wrist Extension Stretch (Assisted),hold,,10,3,Wrist/Hand,medium,Wall,TRUE,Wrist Extension Stretch (Assisted): Perform as instructed to mobilize/strengthen the wrist/hand region. Controlled movement and breathing.,https://example.com/video/24.mp4,https://example.com/image/24.jpg
Bridge (Slow) - Right,repetition,15,,3,Spine/Core,easy,None,TRUE,Bridge (Slow) - Right: Perform as instructed to mobilize/strengthen the spine/core region. Controlled movement and breathing.,https://example.com/video/25.mp4,https://example.com/image/25.jpg
Hip Abduction - Right,hold,,45,3,Hip,easy,Resistance Band,TRUE,Hip Abduction - Right: Perform as instructed to mobilize/strengthen the hip region. Controlled movement and breathing.,https://example.com/video/26.mp4,https://example.com/image/26.jpg
Mini Squat,hold,,15,3,Knee,easy,None,TRUE,Mini Squat: Perform as instructed to mobilize/strengthen the knee region. Controlled movement and breathing.,https://example.com/video/27.mp4,https://example.com/image/27.jpg
Towel Scrunches - Right,repetition,12,,3,Ankle/Foot,easy,Resistance Band,TRUE,Towel Scrunches - Right: Perform as instructed to mobilize/strengthen the ankle/foot region. Controlled movement and breathing.,https://example.com/video/28.mp4,https://example.com/image/28.jpg
Thoracic Extension on Foam Roller,repetition,6,,3,Chest,medium,None,TRUE,Thoracic Extension on Foam Roller: Perform as instructed to mobilize/strengthen the chest region. Controlled movement and breathing.,https://example.com/video/29.mp4,https://example.com/image/29.jpg
Hip Rolls (Advanced),repetition,15,,3,Pelvis,easy,None,TRUE,Hip Rolls (Advanced): Perform as instructed to mobilize/strengthen the pelvis region. Controlled movement and breathing.,https://example.com/video/30.mp4,https://example.com/image/30.jpg
Chin Tucks (With Band),repetition,15,,3,Neck,medium,Resistance Band,TRUE,Chin Tucks (With Band): Perform as instructed to mobilize/strengthen the neck region. Controlled movement and breathing.,https://example.com/video/31.mp4,https://example.com/image/31.jpg
External Rotation,repetition,20,,3,Shoulder,medium,None,TRUE,External Rotation: Perform as instructed to mobilize/strengthen the shoulder region. Controlled movement and breathing.,https://example.com/video/32.mp4,https://example.com/image/32.jpg
Forearm Pronation (Isometric),hold,,10,3,Elbow,easy,Stability Ball,TRUE,Forearm Pronation (Isometric): Perform as instructed to mobilize/strengthen the elbow region. Controlled movement and breathing.,https://example.com/video/33.mp4,https://example.com/image/33.jpg
Wrist Flexion Stretch (With Band),repetition,6,,3,Wrist/Hand,hard,None,TRUE,Wrist Flexion Stretch (With Band): Perform as instructed to mobilize/strengthen the wrist/hand region. Controlled movement and breathing.,https://example.com/video/34.mp4,https://example.com/image/34.jpg
Bird Dog,hold,,60,3,Spine/Core,medium,Resistance Band,TRUE,Bird Dog: Perform as instructed to mobilize/strengthen the spine/core region. Controlled movement and breathing.,https://example.com/video/35.mp4,https://example.com/image/35.jpg
Standing Hip Extension (Standing),repetition,6,,3,Hip,medium,None,TRUE,Standing Hip Extension (Standing): Perform as instructed to mobilize/strengthen the hip region. Controlled movement and breathing.,https://example.com/video/36.mp4,https://example.com/image/36.jpg
Hamstring Curl,repetition,10,,3,Knee,medium,None,TRUE,Hamstring Curl: Perform as instructed to mobilize/strengthen the knee region. Controlled movement and breathing.,https://example.com/video/37.mp4,https://example.com/image/37.jpg
Ankle Circles (Assisted) - Right,repetition,8,,3,Ankle/Foot,medium,None,TRUE,Ankle Circles (Assisted) - Right: Perform as instructed to mobilize/strengthen the ankle/foot region. Controlled movement and breathing.,https://example.com/video/38.mp4,https://example.com/image/38.jpg
Wall Push-up - Right,repetition,20,,3,Chest,hard,None,TRUE,Wall Push-up - Right: Perform as instructed to mobilize/strengthen the chest region. Controlled movement and breathing.,https://example.com/video/39.mp4,https://example.com/image/39.jpg
Hip Rolls,repetition,6,,3,Pelvis,hard,None,TRUE,Hip Rolls: Perform as instructed to mobilize/strengthen the pelvis region. Controlled movement and breathing.,https://example.com/video/40.mp4,https://example.com/image/40.jpg
Neck Extension,hold,,45,3,Neck,medium,Towel,TRUE,Neck Extension: Perform as instructed to mobilize/strengthen the neck region. Controlled movement and breathing.,https://example.com/video/41.mp4,https://example.com/image/41.jpg
Shoulder Flexion with Band,hold,,10,3,Shoulder,easy,Towel,TRUE,Shoulder Flexion with Band: Perform as instructed to mobilize/strengthen the shoulder region. Controlled movement and breathing.,https://example.com/video/42.mp4,https://example.com/image/42.jpg
Forearm Pronation,repetition,20,,3,Elbow,easy,Foam Roller,TRUE,Forearm Pronation: Perform as instructed to mobilize/strengthen the elbow region. Controlled movement and breathing.,https://example.com/video/43.mp4,https://example.com/image/43.jpg
Grip Strengthening (Advanced),hold,,15,3,Wrist/Hand,easy,None,TRUE,Grip Strengthening (Advanced): Perform as instructed to mobilize/strengthen the wrist/hand region. Controlled movement and breathing.,https://example.com/video/44.mp4,https://example.com/image/44.jpg
Cat-Cow (Standing),repetition,12,,3,Spine/Core,medium,Foam Roller,TRUE,Cat-Cow (Standing): Perform as instructed to mobilize/strengthen the spine/core region. Controlled movement and breathing.,https://example.com/video/45.mp4,https://example.com/image/45.jpg
Hip Abduction - Left,repetition,10,,3,Hip,easy,None,TRUE,Hip Abduction - Left: Perform as instructed to mobilize/strengthen the hip region. Controlled movement and breathing.,https://example.com/video/46.mp4,https://example.com/image/46.jpg
Hamstring Curl,repetition,12,,3,Knee,hard,None,TRUE,Hamstring Curl: Perform as instructed to mobilize/strengthen the knee region. Controlled movement and breathing.,https://example.com/video/47.mp4,https://example.com/image/47.jpg
Ankle Circles - Left,repetition,20,,3,Ankle/Foot,hard,Resistance Band,TRUE,Ankle Circles - Left: Perform as instructed to mobilize/strengthen the ankle/foot region. Controlled movement and breathing.,https://example.com/video/48.mp4,https://example.com/image/48.jpg
Doorway Stretch - Left,repetition,10,,3,Chest,medium,None,TRUE,Doorway Stretch - Left: Perform as instructed to mobilize/strengthen the chest region. Controlled movement and breathing.,https://example.com/video/49.mp4,https://example.com/image/49.jpg
Hip Rolls,repetition,15,,3,Pelvis,easy,None,TRUE,Hip Rolls: Perform as instructed to mobilize/strengthen the pelvis region. Controlled movement and breathing.,https://example.com/video/50.mp4,https://example.com/image/50.jpg
Neck Rotation,repetition,15,,3,Neck,medium,None,TRUE,Neck Rotation: Perform as instructed to mobilize/strengthen the neck region. Controlled movement and breathing.,https://example.com/video/51.mp4,https://example.com/image/51.jpg
Shoulder Flexion with Band,repetition,12,,3,Shoulder,medium,None,TRUE,Shoulder Flexion with Band: Perform as instructed to mobilize/strengthen the shoulder region. Controlled movement and breathing.,https://example.com/video/52.mp4,https://example.com/image/52.jpg
Elbow Extension,repetition,6,,3,Elbow,medium,Dumbbell,TRUE,Elbow Extension: Perform as instructed to mobilize/strengthen the elbow region. Controlled movement and breathing.,https://example.com/video/53.mp4,https://example.com/image/53.jpg
Finger Taps (With Band) - Right,hold,,45,3,Wrist/Hand,medium,None,TRUE,Finger Taps (With Band) - Right: Perform as instructed to mobilize/strengthen the wrist/hand region. Controlled movement and breathing.,https://example.com/video/54.mp4,https://example.com/image/54.jpg
Pelvic Tilt,repetition,12,,3,Spine/Core,easy,Resistance Band,TRUE,Pelvic Tilt: Perform as instructed to mobilize/strengthen the spine/core region. Controlled movement and breathing.,https://example.com/video/55.mp4,https://example.com/image/55.jpg
Hip Flexor Stretch,hold,,15,3,Hip,easy,Chair,TRUE,Hip Flexor Stretch: Perform as instructed to mobilize/strengthen the hip region. Controlled movement and breathing.,https://example.com/video/56.mp4,https://example.com/image/56.jpg
Mini Squat,repetition,8,,3,Knee,medium,Resistance Band,TRUE,Mini Squat: Perform as instructed to mobilize/strengthen the knee region. Controlled movement and breathing.,https://example.com/video/57.mp4,https://example.com/image/57.jpg
Balance on Single Leg,repetition,20,,3,Ankle/Foot,hard,None,TRUE,Balance on Single Leg: Perform as instructed to mobilize/strengthen the ankle/foot region. Controlled movement and breathing.,https://example.com/video/58.mp4,https://example.com/image/58.jpg
Thoracic Extension on Foam Roller,repetition,8,,3,Chest,medium,None,TRUE,Thoracic Extension on Foam Roller: Perform as instructed to mobilize/strengthen the chest region. Controlled movement and breathing.,https://example.com/video/59.mp4,https://example.com/image/59.jpg
Piriformis Stretch,hold,,15,3,Pelvis,easy,None,TRUE,Piriformis Stretch: Perform as instructed to mobilize/strengthen the pelvis region. Controlled movement and breathing.,https://example.com/video/60.mp4,https://example.com/image/60.jpg
Chin Tucks (Lying),hold,,10,3,Neck,easy,None,TRUE,Chin Tucks (Lying): Perform as instructed to mobilize/strengthen the neck region. Controlled movement and breathing.,https://example.com/video/61.mp4,https://example.com/image/61.jpg
External Rotation,hold,,45,3,Shoulder,hard,None,TRUE,External Rotation: Perform as instructed to mobilize/strengthen the shoulder region. Controlled movement and breathing.,https://example.com/video/62.mp4,https://example.com/image/62.jpg
Wrist Flexor Stretch - Left,hold,,30,3,Elbow,medium,Resistance Band,TRUE,Wrist Flexor Stretch - Left: Perform as instructed to mobilize/strengthen the elbow region. Controlled movement and breathing.,https://example.com/video/63.mp4,https://example.com/image/63.jpg
Thumb Opposition,repetition,12,,3,Wrist/Hand,easy,Resistance Band,TRUE,Thumb Opposition: Perform as instructed to mobilize/strengthen the wrist/hand region. Controlled movement and breathing.,https://example.com/video/64.mp4,https://example.com/image/64.jpg
Pelvic Tilt,hold,,45,3,Spine/Core,easy,None,TRUE,Pelvic Tilt: Perform as instructed to mobilize/strengthen the spine/core region. Controlled movement and breathing.,https://example.com/video/65.mp4,https://example.com/image/65.jpg
Standing Hip Extension - Left,hold,,15,3,Hip,easy,None,TRUE,Standing Hip Extension - Left: Perform as instructed to mobilize/strengthen the hip region. Controlled movement and breathing.,https://example.com/video/66.mp4,https://example.com/image/66.jpg
Straight Leg Raise,repetition,12,,3,Knee,easy,None,TRUE,Straight Leg Raise: Perform as instructed to mobilize/strengthen the knee region. Controlled movement and breathing.,https://example.com/video/67.mp4,https://example.com/image/67.jpg
Ankle Circles - Left,repetition,6,,3,Ankle/Foot,medium,Resistance Band,TRUE,Ankle Circles - Left: Perform as instructed to mobilize/strengthen the ankle/foot region. Controlled movement and breathing.,https://example.com/video/68.mp4,https://example.com/image/68.jpg
Pec Stretch - Right,repetition,8,,3,Chest,easy,None,TRUE,Pec Stretch - Right: Perform as instructed to mobilize/strengthen the chest region. Controlled movement and breathing.,https://example.com/video/69.mp4,https://example.com/image/69.jpg
Kegels,repetition,20,,3,Pelvis,medium,Dumbbell,TRUE,Kegels: Perform as instructed to mobilize/strengthen the pelvis region. Controlled movement and breathing.,https://example.com/video/70.mp4,https://example.com/image/70.jpg
Neck Extension - Left - Right,repetition,20,,3,Neck,hard,None,TRUE,Neck Extension - Left - Right: Perform as instructed to mobilize/strengthen the neck region. Controlled movement and breathing.,https://example.com/video/71.mp4,https://example.com/image/71.jpg
Shoulder Flexion with Band (With Band) - Left,hold,,45,3,Shoulder,medium,Dumbbell,TRUE,Shoulder Flexion with Band (With Band) - Left: Perform as instructed to mobilize/strengthen the shoulder region. Controlled movement and breathing.,https://example.com/video/72.mp4,https://example.com/image/72.jpg
Wrist Flexor Stretch,repetition,15,,3,Elbow,medium,None,TRUE,Wrist Flexor Stretch: Perform as instructed to mobilize/strengthen the elbow region. Controlled movement and breathing.,https://example.com/video/73.mp4,https://example.com/image/73.jpg
Grip Strengthening - Left,repetition,12,,3,Wrist/Hand,medium,None,TRUE,Grip Strengthening - Left: Perform as instructed to mobilize/strengthen the wrist/hand region. Controlled movement and breathing.,https://example.com/video/74.mp4,https://example.com/image/74.jpg
Transverse Abdominis Activation,repetition,12,,3,Spine/Core,easy,Dumbbell,TRUE,Transverse Abdominis Activation: Perform as instructed to mobilize/strengthen the spine/core region. Controlled movement and breathing.,https://example.com/video/75.mp4,https://example.com/image/75.jpg
Standing Hip Extension (With Band) - Right,hold,,15,3,Hip,medium,None,TRUE,Standing Hip Extension (With Band) - Right: Perform as instructed to mobilize/strengthen the hip region. Controlled movement and breathing.,https://example.com/video/76.mp4,https://example.com/image/76.jpg
Heel Slides,repetition,10,,3,Knee,medium,None,TRUE,Heel Slides: Perform as instructed to mobilize/strengthen the knee region. Controlled movement and breathing.,https://example.com/video/77.mp4,https://example.com/image/77.jpg
Balance on Single Leg - Right,hold,,10,3,Ankle/Foot,easy,None,TRUE,Balance on Single Leg - Right: Perform as instructed to mobilize/strengthen the ankle/foot region. Controlled movement and breathing.,https://example.com/video/78.mp4,https://example.com/image/78.jpg
Thoracic Extension on Foam Roller,repetition,6,,3,Chest,easy,None,TRUE,Thoracic Extension on Foam Roller: Perform as instructed to mobilize/strengthen the chest region. Controlled movement and breathing.,https://example.com/video/79.mp4,https://example.com/image/79.jpg
Kegels,repetition,12,,3,Pelvis,hard,None,TRUE,Kegels: Perform as instructed to mobilize/strengthen the pelvis region. Controlled movement and breathing.,https://example.com/video/80.mp4,https://example.com/image/80.jpg
Neck Lateral Flexion,repetition,8,,3,Neck,easy,Resistance Band,TRUE,Neck Lateral Flexion: Perform as instructed to mobilize/strengthen the neck region. Controlled movement and breathing.,https://example.com/video/81.mp4,https://example.com/image/81.jpg
Shoulder Flexion with Band (Advanced),hold,,45,3,Shoulder,easy,None,TRUE,Shoulder Flexion with Band (Advanced): Perform as instructed to mobilize/strengthen the shoulder region. Controlled movement and breathing.,https://example.com/video/82.mp4,https://example.com/image/82.jpg
Elbow Extension (Slow) - Right,repetition,10,,3,Elbow,easy,None,TRUE,Elbow Extension (Slow) - Right: Perform as instructed to mobilize/strengthen the elbow region. Controlled movement and breathing.,https://example.com/video/83.mp4,https://example.com/image/83.jpg
Finger Taps,repetition,6,,3,Wrist/Hand,medium,None,TRUE,Finger Taps: Perform as instructed to mobilize/strengthen the wrist/hand region. Controlled movement and breathing.,https://example.com/video/84.mp4,https://example.com/image/84.jpg
Pelvic Tilt,hold,,10,3,Spine/Core,medium,None,TRUE,Pelvic Tilt: Perform as instructed to mobilize/strengthen the spine/core region. Controlled movement and breathing.,https://example.com/video/85.mp4,https://example.com/image/85.jpg
Hip Flexor Stretch,hold,,20,3,Hip,easy,None,TRUE,Hip Flexor Stretch: Perform as instructed to mobilize/strengthen the hip region. Controlled movement and breathing.,https://example.com/video/86.mp4,https://example.com/image/86.jpg
Mini Squat,repetition,15,,3,Knee,easy,Towel,TRUE,Mini Squat: Perform as instructed to mobilize/strengthen the knee region. Controlled movement and breathing.,https://example.com/video/87.mp4,https://example.com/image/87.jpg
Toe Raises,repetition,15,,3,Ankle/Foot,hard,None,TRUE,Toe Raises: Perform as instructed to mobilize/strengthen the ankle/foot region. Controlled movement and breathing.,https://example.com/video/88.mp4,https://example.com/image/88.jpg
Doorway Stretch - Right,repetition,15,,3,Chest,easy,None,TRUE,Doorway Stretch - Right: Perform as instructed to mobilize/strengthen the chest region. Controlled movement and breathing.,https://example.com/video/89.mp4,https://example.com/image/89.jpg
Side-Lying Abduction - Right,repetition,10,,3,Pelvis,medium,None,TRUE,Side-Lying Abduction - Right: Perform as instructed to mobilize/strengthen the pelvis region. Controlled movement and breathing.,https://example.com/video/90.mp4,https://example.com/image/90.jpg
Neck Extension,repetition,8,,3,Neck,easy,None,TRUE,Neck Extension: Perform as instructed to mobilize/strengthen the neck region. Controlled movement and breathing.,https://example.com/video/91.mp4,https://example.com/image/91.jpg
Shoulder Flexion with Band - Right,repetition,10,,3,Shoulder,medium,Dumbbell,TRUE,Shoulder Flexion with Band - Right: Perform as instructed to mobilize/strengthen the shoulder region. Controlled movement and breathing.,https://example.com/video/92.mp4,https://example.com/image/92.jpg
Forearm Supination,repetition,10,,3,Elbow,medium,None,TRUE,Forearm Supination: Perform as instructed to mobilize/strengthen the elbow region. Controlled movement and breathing.,https://example.com/video/93.mp4,https://example.com/image/93.jpg
Wrist Flexion Stretch,repetition,6,,3,Wrist/Hand,easy,Chair,TRUE,Wrist Flexion Stretch: Perform as instructed to mobilize/strengthen the wrist/hand region. Controlled movement and breathing.,https://example.com/video/94.mp4,https://example.com/image/94.jpg
Transverse Abdominis Activation - Left,hold,,45,3,Spine/Core,easy,Dumbbell,TRUE,Transverse Abdominis Activation - Left: Perform as instructed to mobilize/strengthen the spine/core region. Controlled movement and breathing.,https://example.com/video/95.mp4,https://example.com/image/95.jpg
Glute Bridge March,hold,,30,3,Hip,medium,None,TRUE,Glute Bridge March: Perform as instructed to mobilize/strengthen the hip region. Controlled movement and breathing.,https://example.com/video/96.mp4,https://example.com/image/96.jpg
Quad Sets,repetition,8,,3,Knee,easy,Resistance Band,TRUE,Quad Sets: Perform as instructed to mobilize/strengthen the knee region. Controlled movement and breathing.,https://example.com/video/97.mp4,https://example.com/image/97.jpg
Toe Raises,repetition,6,,3,Ankle/Foot,easy,None,TRUE,Toe Raises: Perform as instructed to mobilize/strengthen the ankle/foot region. Controlled movement and breathing.,https://example.com/video/98.mp4,https://example.com/image/98.jpg
Wall Push-up - Right,hold,,30,3,Chest,easy,None,TRUE,Wall Push-up - Right: Perform as instructed to mobilize/strengthen the chest region. Controlled movement and breathing.,https://example.com/video/99.mp4,https://example.com/image/99.jpg
Hip Rolls,repetition,10,,3,Pelvis,medium,Towel,TRUE,Hip Rolls: Perform as instructed to mobilize/strengthen the pelvis region. Controlled movement and breathing.,https://example.com/video/100.mp4,https://example.com/image/100.jpg
Neck Rotation - Right,repetition,8,,3,Neck,medium,None,TRUE,Neck Rotation - Right: Perform as instructed to mobilize/strengthen the neck region. Controlled movement and breathing.,https://example.com/video/101.mp4,https://example.com/image/101.jpg
Shoulder Pendulum - Left,hold,,30,3,Shoulder,hard,Resistance Band,TRUE,Shoulder Pendulum - Left: Perform as instructed to mobilize/strengthen the shoulder region. Controlled movement and breathing.,https://example.com/video/102.mp4,https://example.com/image/102.jpg
Elbow Extension,repetition,12,,3,Elbow,hard,None,TRUE,Elbow Extension: Perform as instructed to mobilize/strengthen the elbow region. Controlled movement and breathing.,https://example.com/video/103.mp4,https://example.com/image/103.jpg
Thumb Opposition (With Band),hold,,10,3,Wrist/Hand,easy,Dumbbell,TRUE,Thumb Opposition (With Band): Perform as instructed to mobilize/strengthen the wrist/hand region. Controlled movement and breathing.,https://example.com/video/104.mp4,https://example.com/image/104.jpg
Pelvic Tilt,repetition,20,,3,Spine/Core,easy,None,TRUE,Pelvic Tilt: Perform as instructed to mobilize/strengthen the spine/core region. Controlled movement and breathing.,https://example.com/video/105.mp4,https://example.com/image/105.jpg
Glute Bridge March,repetition,15,,3,Hip,easy,Towel,TRUE,Glute Bridge March: Perform as instructed to mobilize/strengthen the hip region. Controlled movement and breathing.,https://example.com/video/106.mp4,https://example.com/image/106.jpg
Straight Leg Raise,hold,,30,3,Knee,easy,Resistance Band,TRUE,Straight Leg Raise: Perform as instructed to mobilize/strengthen the knee region. Controlled movement and breathing.,https://example.com/video/107.mp4,https://example.com/image/107.jpg
Towel Scrunches,hold,,30,3,Ankle/Foot,hard,None,TRUE,Towel Scrunches: Perform as instructed to mobilize/strengthen the ankle/foot region. Controlled movement and breathing.,https://example.com/video/108.mp4,https://example.com/image/108.jpg
Thoracic Extension on Foam Roller - Left,repetition,12,,3,Chest,easy,None,TRUE,Thoracic Extension on Foam Roller - Left: Perform as instructed to mobilize/strengthen the chest region. Controlled movement and breathing.,https://example.com/video/109.mp4,https://example.com/image/109.jpg
Kegels (Isometric),repetition,10,,3,Pelvis,hard,Foam Roller,TRUE,Kegels (Isometric): Perform as instructed to mobilize/strengthen the pelvis region. Controlled movement and breathing.,https://example.com/video/110.mp4,https://example.com/image/110.jpg
Neck Rotation,repetition,15,,3,Neck,easy,None,TRUE,Neck Rotation: Perform as instructed to mobilize/strengthen the neck region. Controlled movement and breathing.,https://example.com/video/111.mp4,https://example.com/image/111.jpg
Shoulder Abduction,repetition,20,,3,Shoulder,medium,None,TRUE,Shoulder Abduction: Perform as instructed to mobilize/strengthen the shoulder region. Controlled movement and breathing.,https://example.com/video/112.mp4,https://example.com/image/112.jpg
Elbow Extension - Right,hold,,20,3,Elbow,easy,None,TRUE,Elbow Extension - Right: Perform as instructed to mobilize/strengthen the elbow region. Controlled movement and breathing.,https://example.com/video/113.mp4,https://example.com/image/113.jpg
Wrist Extension Stretch,repetition,6,,3,Wrist/Hand,medium,None,TRUE,Wrist Extension Stretch: Perform as instructed to mobilize/strengthen the wrist/hand region. Controlled movement and breathing.,https://example.com/video/114.mp4,https://example.com/image/114.jpg
Bird Dog,repetition,12,,3,Spine/Core,easy,None,TRUE,Bird Dog: Perform as instructed to mobilize/strengthen the spine/core region. Controlled movement and breathing.,https://example.com/video/115.mp4,https://example.com/image/115.jpg
Glute Bridge March,repetition,10,,3,Hip,hard,None,TRUE,Glute Bridge March: Perform as instructed to mobilize/strengthen the hip region. Controlled movement and breathing.,https://example.com/video/116.mp4,https://example.com/image/116.jpg
Heel Slides,hold,,30,3,Knee,easy,None,TRUE,Heel Slides: Perform as instructed to mobilize/strengthen the knee region. Controlled movement and breathing.,https://example.com/video/117.mp4,https://example.com/image/117.jpg
Toe Raises,hold,,60,3,Ankle/Foot,easy,None,TRUE,Toe Raises: Perform as instructed to mobilize/strengthen the ankle/foot region. Controlled movement and breathing.,https://example.com/video/118.mp4,https://example.com/image/118.jpg
Pec Stretch,hold,,15,3,Chest,medium,None,TRUE,Pec Stretch: Perform as instructed to mobilize/strengthen the chest region. Controlled movement and breathing.,https://example.com/video/119.mp4,https://example.com/image/119.jpg
Kegels,repetition,8,,3,Pelvis,medium,Towel,TRUE,Kegels: Perform as instructed to mobilize/strengthen the pelvis region. Controlled movement and breathing.,https://example.com/video/120.mp4,https://example.com/image/120.jpg
Neck Flexion,hold,,10,3,Neck,hard,None,TRUE,Neck Flexion: Perform as instructed to mobilize/strengthen the neck region. Controlled movement and breathing.,https://example.com/video/121.mp4,https://example.com/image/121.jpg
External Rotation (Lying),repetition,15,,3,Shoulder,hard,Foam Roller,TRUE,External Rotation (Lying): Perform as instructed to mobilize/strengthen the shoulder region. Controlled movement and breathing.,https://example.com/video/122.mp4,https://example.com/image/122.jpg
Forearm Supination,repetition,10,,3,Elbow,medium,None,TRUE,Forearm Supination: Perform as instructed to mobilize/strengthen the elbow region. Controlled movement and breathing.,https://example.com/video/123.mp4,https://example.com/image/123.jpg
Wrist Flexion Stretch (With Band),hold,,45,3,Wrist/Hand,easy,Dumbbell,TRUE,Wrist Flexion Stretch (With Band): Perform as instructed to mobilize/strengthen the wrist/hand region. Controlled movement and breathing.,https://example.com/video/124.mp4,https://example.com/image/124.jpg
Bridge (Standing),repetition,15,,3,Spine/Core,easy,Resistance Band,TRUE,Bridge (Standing): Perform as instructed to mobilize/strengthen the spine/core region. Controlled movement and breathing.,https://example.com/video/125.mp4,https://example.com/image/125.jpg
Hip Abduction (With Band),hold,,20,3,Hip,hard,None,TRUE,Hip Abduction (With Band): Perform as instructed to mobilize/strengthen the hip region. Controlled movement and breathing.,https://example.com/video/126.mp4,https://example.com/image/126.jpg
Quad Sets,repetition,6,,3,Knee,easy,Chair,TRUE,Quad Sets: Perform as instructed to mobilize/strengthen the knee region. Controlled movement and breathing.,https://example.com/video/127.mp4,https://example.com/image/127.jpg
Toe Raises - Left,repetition,12,,3,Ankle/Foot,easy,Resistance Band,TRUE,Toe Raises - Left: Perform as instructed to mobilize/strengthen the ankle/foot region. Controlled movement and breathing.,https://example.com/video/128.mp4,https://example.com/image/128.jpg
Thoracic Extension on Foam Roller,repetition,6,,3,Chest,medium,Resistance Band,TRUE,Thoracic Extension on Foam Roller: Perform as instructed to mobilize/strengthen the chest region. Controlled movement and breathing.,https://example.com/video/129.mp4,https://example.com/image/129.jpg
Hip Rolls (Slow),repetition,10,,3,Pelvis,easy,Resistance Band,TRUE,Hip Rolls (Slow): Perform as instructed to mobilize/strengthen the pelvis region. Controlled movement and breathing.,https://example.com/video/130.mp4,https://example.com/image/130.jpg
Chin Tucks - Right,repetition,6,,3,Neck,hard,Dumbbell,TRUE,Chin Tucks - Right: Perform as instructed to mobilize/strengthen the neck region. Controlled movement and breathing.,https://example.com/video/131.mp4,https://example.com/image/131.jpg
Shoulder Pendulum,repetition,10,,3,Shoulder,easy,None,TRUE,Shoulder Pendulum: Perform as instructed to mobilize/strengthen the shoulder region. Controlled movement and breathing.,https://example.com/video/132.mp4,https://example.com/image/132.jpg
Wrist Flexor Stretch (With Band),repetition,8,,3,Elbow,medium,None,TRUE,Wrist Flexor Stretch (With Band): Perform as instructed to mobilize/strengthen the elbow region. Controlled movement and breathing.,https://example.com/video/133.mp4,https://example.com/image/133.jpg
Finger Taps,repetition,8,,3,Wrist/Hand,easy,Foam Roller,TRUE,Finger Taps: Perform as instructed to mobilize/strengthen the wrist/hand region. Controlled movement and breathing.,https://example.com/video/134.mp4,https://example.com/image/134.jpg
Bird Dog (With Band) - Right,repetition,8,,3,Spine/Core,medium,None,TRUE,Bird Dog (With Band) - Right: Perform as instructed to mobilize/strengthen the spine/core region. Controlled movement and breathing.,https://example.com/video/135.mp4,https://example.com/image/135.jpg
Hip Flexor Stretch,repetition,15,,3,Hip,easy,Resistance Band,TRUE,Hip Flexor Stretch: Perform as instructed to mobilize/strengthen the hip region. Controlled movement and breathing.,https://example.com/video/136.mp4,https://example.com/image/136.jpg
Mini Squat - Right,hold,,30,3,Knee,easy,None,TRUE,Mini Squat - Right: Perform as instructed to mobilize/strengthen the knee region. Controlled movement and breathing.,https://example.com/video/137.mp4,https://example.com/image/137.jpg
Towel Scrunches (Standing),repetition,15,,3,Ankle/Foot,medium,None,TRUE,Towel Scrunches (Standing): Perform as instructed to mobilize/strengthen the ankle/foot region. Controlled movement and breathing.,https://example.com/video/138.mp4,https://example.com/image/138.jpg
Scapular Retraction,repetition,12,,3,Chest,easy,Resistance Band,TRUE,Scapular Retraction: Perform as instructed to mobilize/strengthen the chest region. Controlled movement and breathing.,https://example.com/video/139.mp4,https://example.com/image/139.jpg
Piriformis Stretch,repetition,10,,3,Pelvis,medium,None,TRUE,Piriformis Stretch: Perform as instructed to mobilize/strengthen the pelvis region. Controlled movement and breathing.,https://example.com/video/140.mp4,https://example.com/image/140.jpg
Neck Flexion,hold,,60,3,Neck,hard,None,TRUE,Neck Flexion: Perform as instructed to mobilize/strengthen the neck region. Controlled movement and breathing.,https://example.com/video/141.mp4,https://example.com/image/141.jpg
Shoulder Pendulum (Standing),repetition,6,,3,Shoulder,medium,None,TRUE,Shoulder Pendulum (Standing): Perform as instructed to mobilize/strengthen the shoulder region. Controlled movement and breathing.,https://example.com/video/142.mp4,https://example.com/image/142.jpg
Forearm Supination,hold,,30,3,Elbow,hard,Resistance Band,TRUE,Forearm Supination: Perform as instructed to mobilize/strengthen the elbow region. Controlled movement and breathing.,https://example.com/video/143.mp4,https://example.com/image/143.jpg
Finger Taps,repetition,20,,3,Wrist/Hand,easy,Foam Roller,TRUE,Finger Taps: Perform as instructed to mobilize/strengthen the wrist/hand region. Controlled movement and breathing.,https://example.com/video/144.mp4,https://example.com/image/144.jpg
Cat-Cow,repetition,12,,3,Spine/Core,medium,Wall,TRUE,Cat-Cow: Perform as instructed to mobilize/strengthen the spine/core region. Controlled movement and breathing.,https://example.com/video/145.mp4,https://example.com/image/145.jpg
Standing Hip Extension - Right,hold,,60,3,Hip,easy,None,TRUE,Standing Hip Extension - Right: Perform as instructed to mobilize/strengthen the hip region. Controlled movement and breathing.,https://example.com/video/146.mp4,https://example.com/image/146.jpg
Hamstring Curl,repetition,20,,3,Knee,easy,None,TRUE,Hamstring Curl: Perform as instructed to mobilize/strengthen the knee region. Controlled movement and breathing.,https://example.com/video/147.mp4,https://example.com/image/147.jpg
Ankle Circles (With Band),repetition,10,,3,Ankle/Foot,medium,Dumbbell,TRUE,Ankle Circles (With Band): Perform as instructed to mobilize/strengthen the ankle/foot region. Controlled movement and breathing.,https://example.com/video/148.mp4,https://example.com/image/148.jpg
Thoracic Extension on Foam Roller,hold,,10,3,Chest,medium,None,TRUE,Thoracic Extension on Foam Roller: Perform as instructed to mobilize/strengthen the chest region. Controlled movement and breathing.,https://example.com/video/149.mp4,https://example.com/image/149.jpg
Side-Lying Abduction,hold,,10,3,Pelvis,easy,None,TRUE,Side-Lying Abduction: Perform as instructed to mobilize/strengthen the pelvis region. Controlled movement and breathing.,https://example.com/video/150.mp4,https://example.com/image/150.jpg
Chin Tucks - Right,repetition,15,,3,Neck,easy,None,TRUE,Chin Tucks - Right: Perform as instructed to mobilize/strengthen the neck region. Controlled movement and breathing.,https://example.com/video/151.mp4,https://example.com/image/151.jpg
Shoulder Flexion with Band,repetition,12,,3,Shoulder,medium,None,TRUE,Shoulder Flexion with Band: Perform as instructed to mobilize/strengthen the shoulder region. Controlled movement and breathing.,https://example.com/video/152.mp4,https://example.com/image/152.jpg
Forearm Pronation,repetition,10,,3,Elbow,easy,Foam Roller,TRUE,Forearm Pronation: Perform as instructed to mobilize/strengthen the elbow region. Controlled movement and breathing.,https://example.com/video/153.mp4,https://example.com/image/153.jpg
Wrist Flexion Stretch - Right,repetition,12,,3,Wrist/Hand,medium,Resistance Band,TRUE,Wrist Flexion Stretch - Right: Perform as instructed to mobilize/strengthen the wrist/hand region. Controlled movement and breathing.,https://example.com/video/154.mp4,https://example.com/image/154.jpg
Pelvic Tilt (Assisted) - Left,hold,,45,3,Spine/Core,easy,Resistance Band,TRUE,Pelvic Tilt (Assisted) - Left: Perform as instructed to mobilize/strengthen the spine/core region. Controlled movement and breathing.,https://example.com/video/155.mp4,https://example.com/image/155.jpg
Hip Abduction (Standing),repetition,12,,3,Hip,hard,Resistance Band,TRUE,Hip Abduction (Standing): Perform as instructed to mobilize/strengthen the hip region. Controlled movement and breathing.,https://example.com/video/156.mp4,https://example.com/image/156.jpg
Straight Leg Raise,repetition,15,,3,Knee,easy,Dumbbell,TRUE,Straight Leg Raise: Perform as instructed to mobilize/strengthen the knee region. Controlled movement and breathing.,https://example.com/video/157.mp4,https://example.com/image/157.jpg
Toe Raises,repetition,8,,3,Ankle/Foot,easy,None,TRUE,Toe Raises: Perform as instructed to mobilize/strengthen the ankle/foot region. Controlled movement and breathing.,https://example.com/video/158.mp4,https://example.com/image/158.jpg
Doorway Stretch,hold,,30,3,Chest,easy,None,TRUE,Doorway Stretch: Perform as instructed to mobilize/strengthen the chest region. Controlled movement and breathing.,https://example.com/video/159.mp4,https://example.com/image/159.jpg
Piriformis Stretch,repetition,15,,3,Pelvis,easy,Wall,TRUE,Piriformis Stretch: Perform as instructed to mobilize/strengthen the pelvis region. Controlled movement and breathing.,https://example.com/video/160.mp4,https://example.com/image/160.jpg
Neck Lateral Flexion (Standing),hold,,45,3,Neck,easy,None,TRUE,Neck Lateral Flexion (Standing): Perform as instructed to mobilize/strengthen the neck region. Controlled movement and breathing.,https://example.com/video/161.mp4,https://example.com/image/161.jpg
Shoulder Abduction - Left,repetition,20,,3,Shoulder,hard,Foam Roller,TRUE,Shoulder Abduction - Left: Perform as instructed to mobilize/strengthen the shoulder region. Controlled movement and breathing.,https://example.com/video/162.mp4,https://example.com/image/162.jpg
Wrist Flexor Stretch,hold,,60,3,Elbow,hard,None,TRUE,Wrist Flexor Stretch: Perform as instructed to mobilize/strengthen the elbow region. Controlled movement and breathing.,https://example.com/video/163.mp4,https://example.com/image/163.jpg
Thumb Opposition,repetition,6,,3,Wrist/Hand,easy,Dumbbell,TRUE,Thumb Opposition: Perform as instructed to mobilize/strengthen the wrist/hand region. Controlled movement and breathing.,https://example.com/video/164.mp4,https://example.com/image/164.jpg
Cat-Cow - Left,repetition,20,,3,Spine/Core,easy,None,TRUE,Cat-Cow - Left: Perform as instructed to mobilize/strengthen the spine/core region. Controlled movement and breathing.,https://example.com/video/165.mp4,https://example.com/image/165.jpg
Standing Hip Extension,repetition,10,,3,Hip,medium,None,TRUE,Standing Hip Extension: Perform as instructed to mobilize/strengthen the hip region. Controlled movement and breathing.,https://example.com/video/166.mp4,https://example.com/image/166.jpg
Hamstring Curl (Standing),repetition,20,,3,Knee,hard,Resistance Band,TRUE,Hamstring Curl (Standing): Perform as instructed to mobilize/strengthen the knee region. Controlled movement and breathing.,https://example.com/video/167.mp4,https://example.com/image/167.jpg
Calf Raises,repetition,20,,3,Ankle/Foot,medium,None,TRUE,Calf Raises: Perform as instructed to mobilize/strengthen the ankle/foot region. Controlled movement and breathing.,https://example.com/video/168.mp4,https://example.com/image/168.jpg
Thoracic Extension on Foam Roller - Left,repetition,10,,3,Chest,medium,Resistance Band,TRUE,Thoracic Extension on Foam Roller - Left: Perform as instructed to mobilize/strengthen the chest region. Controlled movement and breathing.,https://example.com/video/169.mp4,https://example.com/image/169.jpg
Piriformis Stretch (Assisted) - Right,repetition,8,,3,Pelvis,easy,Dumbbell,TRUE,Piriformis Stretch (Assisted) - Right: Perform as instructed to mobilize/strengthen the pelvis region. Controlled movement and breathing.,https://example.com/video/170.mp4,https://example.com/image/170.jpg
Neck Extension (Lying),hold,,45,3,Neck,medium,Foam Roller,TRUE,Neck Extension (Lying): Perform as instructed to mobilize/strengthen the neck region. Controlled movement and breathing.,https://example.com/video/171.mp4,https://example.com/image/171.jpg
Internal Rotation (Slow),repetition,8,,3,Shoulder,easy,Foam Roller,TRUE,Internal Rotation (Slow): Perform as instructed to mobilize/strengthen the shoulder region. Controlled movement and breathing.,https://example.com/video/172.mp4,https://example.com/image/172.jpg
Wrist Flexor Stretch,repetition,20,,3,Elbow,medium,Chair,TRUE,Wrist Flexor Stretch: Perform as instructed to mobilize/strengthen the elbow region. Controlled movement and breathing.,https://example.com/video/173.mp4,https://example.com/image/173.jpg
Thumb Opposition (Advanced),hold,,30,3,Wrist/Hand,hard,None,TRUE,Thumb Opposition (Advanced): Perform as instructed to mobilize/strengthen the wrist/hand region. Controlled movement and breathing.,https://example.com/video/174.mp4,https://example.com/image/174.jpg
Transverse Abdominis Activation,repetition,15,,3,Spine/Core,easy,None,TRUE,Transverse Abdominis Activation: Perform as instructed to mobilize/strengthen the spine/core region. Controlled movement and breathing.,https://example.com/video/175.mp4,https://example.com/image/175.jpg
Clamshell,repetition,10,,3,Hip,medium,None,TRUE,Clamshell: Perform as instructed to mobilize/strengthen the hip region. Controlled movement and breathing.,https://example.com/video/176.mp4,https://example.com/image/176.jpg
Mini Squat,repetition,15,,3,Knee,easy,None,TRUE,Mini Squat: Perform as instructed to mobilize/strengthen the knee region. Controlled movement and breathing.,https://example.com/video/177.mp4,https://example.com/image/177.jpg
Calf Raises,repetition,12,,3,Ankle/Foot,medium,None,TRUE,Calf Raises: Perform as instructed to mobilize/strengthen the ankle/foot region. Controlled movement and breathing.,https://example.com/video/178.mp4,https://example.com/image/178.jpg
Pec Stretch - Left,hold,,60,3,Chest,easy,None,TRUE,Pec Stretch - Left: Perform as instructed to mobilize/strengthen the chest region. Controlled movement and breathing.,https://example.com/video/179.mp4,https://example.com/image/179.jpg
Pelvic Clock (Advanced),hold,,30,3,Pelvis,medium,Towel,TRUE,Pelvic Clock (Advanced): Perform as instructed to mobilize/strengthen the pelvis region. Controlled movement and breathing.,https://example.com/video/180.mp4,https://example.com/image/180.jpg
Neck Flexion (Lying),repetition,6,,3,Neck,medium,None,TRUE,Neck Flexion (Lying): Perform as instructed to mobilize/strengthen the neck region. Controlled movement and breathing.,https://example.com/video/181.mp4,https://example.com/image/181.jpg
Shoulder Pendulum (Assisted),repetition,12,,3,Shoulder,medium,None,TRUE,Shoulder Pendulum (Assisted): Perform as instructed to mobilize/strengthen the shoulder region. Controlled movement and breathing.,https://example.com/video/182.mp4,https://example.com/image/182.jpg
Wrist Flexor Stretch,repetition,10,,3,Elbow,easy,None,TRUE,Wrist Flexor Stretch: Perform as instructed to mobilize/strengthen the elbow region. Controlled movement and breathing.,https://example.com/video/183.mp4,https://example.com/image/183.jpg
Wrist Flexion Stretch,repetition,15,,3,Wrist/Hand,medium,None,TRUE,Wrist Flexion Stretch: Perform as instructed to mobilize/strengthen the wrist/hand region. Controlled movement and breathing.,https://example.com/video/184.mp4,https://example.com/image/184.jpg
Pelvic Tilt (Assisted),repetition,6,,3,Spine/Core,easy,Resistance Band,TRUE,Pelvic Tilt (Assisted): Perform as instructed to mobilize/strengthen the spine/core region. Controlled movement and breathing.,https://example.com/video/185.mp4,https://example.com/image/185.jpg
Hip Flexor Stretch,repetition,15,,3,Hip,easy,Resistance Band,TRUE,Hip Flexor Stretch: Perform as instructed to mobilize/strengthen the hip region. Controlled movement and breathing.,https://example.com/video/186.mp4,https://example.com/image/186.jpg
Heel Slides,repetition,20,,3,Knee,medium,None,TRUE,Heel Slides: Perform as instructed to mobilize/strengthen the knee region. Controlled movement and breathing.,https://example.com/video/187.mp4,https://example.com/image/187.jpg
Toe Raises (With Band),repetition,12,,3,Ankle/Foot,hard,None,TRUE,Toe Raises (With Band): Perform as instructed to mobilize/strengthen the ankle/foot region. Controlled movement and breathing.,https://example.com/video/188.mp4,https://example.com/image/188.jpg
Scapular Retraction (With Band),repetition,20,,3,Chest,easy,None,TRUE,Scapular Retraction (With Band): Perform as instructed to mobilize/strengthen the chest region. Controlled movement and breathing.,https://example.com/video/189.mp4,https://example.com/image/189.jpg
Hip Rolls,hold,,20,3,Pelvis,hard,None,TRUE,Hip Rolls: Perform as instructed to mobilize/strengthen the pelvis region. Controlled movement and breathing.,https://example.com/video/190.mp4,https://example.com/image/190.jpg
Neck Rotation,repetition,12,,3,Neck,easy,Resistance Band,TRUE,Neck Rotation: Perform as instructed to mobilize/strengthen the neck region. Controlled movement and breathing.,https://example.com/video/191.mp4,https://example.com/image/191.jpg
Shoulder Flexion with Band - Right,repetition,10,,3,Shoulder,easy,Resistance Band,TRUE,Shoulder Flexion with Band - Right: Perform as instructed to mobilize/strengthen the shoulder region. Controlled movement and breathing.,https://example.com/video/192.mp4,https://example.com/image/192.jpg
Elbow Extension - Right,hold,,20,3,Elbow,medium,None,TRUE,Elbow Extension - Right: Perform as instructed to mobilize/strengthen the elbow region. Controlled movement and breathing.,https://example.com/video/193.mp4,https://example.com/image/193.jpg
Wrist Flexion Stretch (Assisted),repetition,6,,3,Wrist/Hand,easy,Resistance Band,TRUE,Wrist Flexion Stretch (Assisted): Perform as instructed to mobilize/strengthen the wrist/hand region. Controlled movement and breathing.,https://example.com/video/194.mp4,https://example.com/image/194.jpg
Pelvic Tilt (Standing),repetition,15,,3,Spine/Core,easy,None,TRUE,Pelvic Tilt (Standing): Perform as instructed to mobilize/strengthen the spine/core region. Controlled movement and breathing.,https://example.com/video/195.mp4,https://example.com/image/195.jpg
Glute Bridge March,repetition,15,,3,Hip,easy,None,TRUE,Glute Bridge March: Perform as instructed to mobilize/strengthen the hip region. Controlled movement and breathing.,https://example.com/video/196.mp4,https://example.com/image/196.jpg
Hamstring Curl (Standing) - Left,repetition,15,,3,Knee,easy,Dumbbell,TRUE,Hamstring Curl (Standing) - Left: Perform as instructed to mobilize/strengthen the knee region. Controlled movement and breathing.,https://example.com/video/197.mp4,https://example.com/image/197.jpg
Towel Scrunches (Isometric),repetition,8,,3,Ankle/Foot,hard,None,TRUE,Towel Scrunches (Isometric): Perform as instructed to mobilize/strengthen the ankle/foot region. Controlled movement and breathing.,https://example.com/video/198.mp4,https://example.com/image/198.jpg
Wall Push-up,hold,,60,3,Chest,easy,None,TRUE,Wall Push-up: Perform as instructed to mobilize/strengthen the chest region. Controlled movement and breathing.,https://example.com/video/199.mp4,https://example.com/image/199.jpg
Piriformis Stretch (Isometric),hold,,60,3,Pelvis,easy,None,TRUE,Piriformis Stretch (Isometric): Perform as instructed to mobilize/strengthen the pelvis region. Controlled movement and breathing.,https://example.com/video/200.mp4,https://example.com/image/200.jpg
Neck Extension (With Band),repetition,10,,3,Neck,medium,None,TRUE,Neck Extension (With Band): Perform as instructed to mobilize/strengthen the neck region. Controlled movement and breathing.,https://example.com/video/201.mp4,https://example.com/image/201.jpg
Internal Rotation (Standing) - Left,hold,,30,3,Shoulder,medium,Dumbbell,TRUE,Internal Rotation (Standing) - Left: Perform as instructed to mobilize/strengthen the shoulder region. Controlled movement and breathing.,https://example.com/video/202.mp4,https://example.com/image/202.jpg
Wrist Flexor Stretch (Slow),repetition,10,,3,Elbow,easy,Dumbbell,TRUE,Wrist Flexor Stretch (Slow): Perform as instructed to mobilize/strengthen the elbow region. Controlled movement and breathing.,https://example.com/video/203.mp4,https://example.com/image/203.jpg
Thumb Opposition,repetition,6,,3,Wrist/Hand,medium,None,TRUE,Thumb Opposition: Perform as instructed to mobilize/strengthen the wrist/hand region. Controlled movement and breathing.,https://example.com/video/204.mp4,https://example.com/image/204.jpg
Cat-Cow (Slow),hold,,45,3,Spine/Core,hard,Foam Roller,TRUE,Cat-Cow (Slow): Perform as instructed to mobilize/strengthen the spine/core region. Controlled movement and breathing.,https://example.com/video/205.mp4,https://example.com/image/205.jpg
Hip Abduction (Isometric),repetition,15,,3,Hip,medium,None,TRUE,Hip Abduction (Isometric): Perform as instructed to mobilize/strengthen the hip region. Controlled movement and breathing.,https://example.com/video/206.mp4,https://example.com/image/206.jpg
Mini Squat (Slow),hold,,10,3,Knee,easy,Chair,TRUE,Mini Squat (Slow): Perform as instructed to mobilize/strengthen the knee region. Controlled movement and breathing.,https://example.com/video/207.mp4,https://example.com/image/207.jpg
Balance on Single Leg (With Band),repetition,12,,3,Ankle/Foot,hard,None,TRUE,Balance on Single Leg (With Band): Perform as instructed to mobilize/strengthen the ankle/foot region. Controlled movement and breathing.,https://example.com/video/208.mp4,https://example.com/image/208.jpg
Scapular Retraction,repetition,6,,3,Chest,medium,None,TRUE,Scapular Retraction: Perform as instructed to mobilize/strengthen the chest region. Controlled movement and breathing.,https://example.com/video/209.mp4,https://example.com/image/209.jpg
Side-Lying Abduction,repetition,20,,3,Pelvis,easy,Wall,TRUE,Side-Lying Abduction: Perform as instructed to mobilize/strengthen the pelvis region. Controlled movement and breathing.,https://example.com/video/210.mp4,https://example.com/image/210.jpg
Neck Lateral Flexion,repetition,10,,3,Neck,easy,None,TRUE,Neck Lateral Flexion: Perform as instructed to mobilize/strengthen the neck region. Controlled movement and breathing.,https://example.com/video/211.mp4,https://example.com/image/211.jpg
External Rotation (Standing) - Left,hold,,30,3,Shoulder,easy,Foam Roller,TRUE,External Rotation (Standing) - Left: Perform as instructed to mobilize/strengthen the shoulder region. Controlled movement and breathing.,https://example.com/video/212.mp4,https://example.com/image/212.jpg
Elbow Extension,repetition,8,,3,Elbow,easy,None,TRUE,Elbow Extension: Perform as instructed to mobilize/strengthen the elbow region. Controlled movement and breathing.,https://example.com/video/213.mp4,https://example.com/image/213.jpg
Grip Strengthening - Right,repetition,12,,3,Wrist/Hand,hard,None,TRUE,Grip Strengthening - Right: Perform as instructed to mobilize/strengthen the wrist/hand region. Controlled movement and breathing.,https://example.com/video/214.mp4,https://example.com/image/214.jpg
Cat-Cow (Isometric),repetition,12,,3,Spine/Core,easy,None,TRUE,Cat-Cow (Isometric): Perform as instructed to mobilize/strengthen the spine/core region. Controlled movement and breathing.,https://example.com/video/215.mp4,https://example.com/image/215.jpg
Hip Flexor Stretch,hold,,20,3,Hip,easy,None,TRUE,Hip Flexor Stretch: Perform as instructed to mobilize/strengthen the hip region. Controlled movement and breathing.,https://example.com/video/216.mp4,https://example.com/image/216.jpg
Mini Squat (Isometric) - Left,hold,,20,3,Knee,medium,Resistance Band,TRUE,Mini Squat (Isometric) - Left: Perform as instructed to mobilize/strengthen the knee region. Controlled movement and breathing.,https://example.com/video/217.mp4,https://example.com/image/217.jpg
Balance on Single Leg (Standing),repetition,10,,3,Ankle/Foot,medium,None,TRUE,Balance on Single Leg (Standing): Perform as instructed to mobilize/strengthen the ankle/foot region. Controlled movement and breathing.,https://example.com/video/218.mp4,https://example.com/image/218.jpg
Thoracic Extension on Foam Roller - Left - Right,hold,,30,3,Chest,medium,None,TRUE,Thoracic Extension on Foam Roller - Left - Right: Perform as instructed to mobilize/strengthen the chest region. Controlled movement and breathing.,https://example.com/video/219.mp4,https://example.com/image/219.jpg
Piriformis Stretch (Slow),hold,,20,3,Pelvis,medium,None,TRUE,Piriformis Stretch (Slow): Perform as instructed to mobilize/strengthen the pelvis region. Controlled movement and breathing.,https://example.com/video/220.mp4,https://example.com/image/220.jpg
